entity,cluster_id,source_path
org.apache.lucene.codecs.simpletext.SimpleTextCodec,0,/scratch/hpc-prf-dssecs/group4/src/lucene/lucene/codecs/src/java/org/apache/lucene/codecs/simpletext/SimpleTextCodec.java
org.apache.lucene.codecs.simpletext.SimpleTextKnnVectorsReader,0,/scratch/hpc-prf-dssecs/group4/src/lucene/lucene/codecs/src/java/org/apache/lucene/codecs/simpletext/SimpleTextKnnVectorsReader.java
org.apache.lucene.codecs.uniformsplit.BlockDecoder,0,/scratch/hpc-prf-dssecs/group4/src/lucene/lucene/codecs/src/java/org/apache/lucene/codecs/uniformsplit/BlockDecoder.java
org.apache.lucene.codecs.uniformsplit.BlockEncoder,0,/scratch/hpc-prf-dssecs/group4/src/lucene/lucene/codecs/src/java/org/apache/lucene/codecs/uniformsplit/BlockEncoder.java
org.apache.lucene.codecs.uniformsplit.BlockReader,0,/scratch/hpc-prf-dssecs/group4/src/lucene/lucene/codecs/src/java/org/apache/lucene/codecs/uniformsplit/BlockReader.java
org.apache.lucene.codecs.uniformsplit.IndexDictionary,0,/scratch/hpc-prf-dssecs/group4/src/lucene/lucene/codecs/src/java/org/apache/lucene/codecs/uniformsplit/IndexDictionary.java
org.apache.lucene.codecs.uniformsplit.IntersectBlockReader,0,/scratch/hpc-prf-dssecs/group4/src/lucene/lucene/codecs/src/java/org/apache/lucene/codecs/uniformsplit/IntersectBlockReader.java
org.apache.lucene.codecs.uniformsplit.UniformSplitPostingsFormat,0,/scratch/hpc-prf-dssecs/group4/src/lucene/lucene/codecs/src/java/org/apache/lucene/codecs/uniformsplit/UniformSplitPostingsFormat.java
org.apache.lucene.codecs.uniformsplit.package-info,0,/scratch/hpc-prf-dssecs/group4/src/lucene/lucene/codecs/src/java/org/apache/lucene/codecs/uniformsplit/package-info.java
org.apache.lucene.codecs.uniformsplit.sharedterms.STUniformSplitPostingsFormat,0,/scratch/hpc-prf-dssecs/group4/src/lucene/lucene/codecs/src/java/org/apache/lucene/codecs/uniformsplit/sharedterms/STUniformSplitPostingsFormat.java
org.apache.lucene.codecs.uniformsplit.sharedterms.package-info,0,/scratch/hpc-prf-dssecs/group4/src/lucene/lucene/codecs/src/java/org/apache/lucene/codecs/uniformsplit/sharedterms/package-info.java
org.apache.lucene.codecs.uniformsplit.RamUsageUtil,1,/scratch/hpc-prf-dssecs/group4/src/lucene/lucene/codecs/src/java/org/apache/lucene/codecs/uniformsplit/RamUsageUtil.java
org.apache.lucene.codecs.uniformsplit.TermBytes,1,/scratch/hpc-prf-dssecs/group4/src/lucene/lucene/codecs/src/java/org/apache/lucene/codecs/uniformsplit/TermBytes.java
org.apache.lucene.codecs.uniformsplit.sharedterms.STMergingTermsEnum,1,/scratch/hpc-prf-dssecs/group4/src/lucene/lucene/codecs/src/java/org/apache/lucene/codecs/uniformsplit/sharedterms/STMergingTermsEnum.java
org.apache.lucene.codecs.uniformsplit.sharedterms.STUniformSplitTermsReader,1,/scratch/hpc-prf-dssecs/group4/src/lucene/lucene/codecs/src/java/org/apache/lucene/codecs/uniformsplit/sharedterms/STUniformSplitTermsReader.java
org.apache.lucene.codecs.simpletext.SimpleTextKnnVectorsFormat,2,/scratch/hpc-prf-dssecs/group4/src/lucene/lucene/codecs/src/java/org/apache/lucene/codecs/simpletext/SimpleTextKnnVectorsFormat.java
org.apache.lucene.codecs.simpletext.SimpleTextKnnVectorsWriter,2,/scratch/hpc-prf-dssecs/group4/src/lucene/lucene/codecs/src/java/org/apache/lucene/codecs/simpletext/SimpleTextKnnVectorsWriter.java
org.apache.lucene.codecs.uniformsplit.FieldMetadata,2,/scratch/hpc-prf-dssecs/group4/src/lucene/lucene/codecs/src/java/org/apache/lucene/codecs/uniformsplit/FieldMetadata.java
org.apache.lucene.codecs.uniformsplit.BlockWriter,3,/scratch/hpc-prf-dssecs/group4/src/lucene/lucene/codecs/src/java/org/apache/lucene/codecs/uniformsplit/BlockWriter.java
org.apache.lucene.codecs.uniformsplit.UniformSplitTerms,3,/scratch/hpc-prf-dssecs/group4/src/lucene/lucene/codecs/src/java/org/apache/lucene/codecs/uniformsplit/UniformSplitTerms.java
org.apache.lucene.codecs.uniformsplit.UniformSplitTermsReader,3,/scratch/hpc-prf-dssecs/group4/src/lucene/lucene/codecs/src/java/org/apache/lucene/codecs/uniformsplit/UniformSplitTermsReader.java
org.apache.lucene.codecs.uniformsplit.sharedterms.STBlockReader,3,/scratch/hpc-prf-dssecs/group4/src/lucene/lucene/codecs/src/java/org/apache/lucene/codecs/uniformsplit/sharedterms/STBlockReader.java
org.apache.lucene.codecs.uniformsplit.sharedterms.STBlockWriter,3,/scratch/hpc-prf-dssecs/group4/src/lucene/lucene/codecs/src/java/org/apache/lucene/codecs/uniformsplit/sharedterms/STBlockWriter.java
org.apache.lucene.codecs.uniformsplit.sharedterms.STIntersectBlockReader,3,/scratch/hpc-prf-dssecs/group4/src/lucene/lucene/codecs/src/java/org/apache/lucene/codecs/uniformsplit/sharedterms/STIntersectBlockReader.java
org.apache.lucene.codecs.uniformsplit.sharedterms.STMergingBlockReader,3,/scratch/hpc-prf-dssecs/group4/src/lucene/lucene/codecs/src/java/org/apache/lucene/codecs/uniformsplit/sharedterms/STMergingBlockReader.java
org.apache.lucene.codecs.uniformsplit.sharedterms.STUniformSplitTerms,3,/scratch/hpc-prf-dssecs/group4/src/lucene/lucene/codecs/src/java/org/apache/lucene/codecs/uniformsplit/sharedterms/STUniformSplitTerms.java
org.apache.lucene.codecs.blockterms.BlockTermsReader,4,/scratch/hpc-prf-dssecs/group4/src/lucene/lucene/codecs/src/java/org/apache/lucene/codecs/blockterms/BlockTermsReader.java
org.apache.lucene.codecs.blockterms.BlockTermsWriter,4,/scratch/hpc-prf-dssecs/group4/src/lucene/lucene/codecs/src/java/org/apache/lucene/codecs/blockterms/BlockTermsWriter.java
org.apache.lucene.codecs.blockterms.FixedGapTermsIndexReader,4,/scratch/hpc-prf-dssecs/group4/src/lucene/lucene/codecs/src/java/org/apache/lucene/codecs/blockterms/FixedGapTermsIndexReader.java
org.apache.lucene.codecs.blockterms.FixedGapTermsIndexWriter,4,/scratch/hpc-prf-dssecs/group4/src/lucene/lucene/codecs/src/java/org/apache/lucene/codecs/blockterms/FixedGapTermsIndexWriter.java
org.apache.lucene.codecs.blockterms.TermsIndexReaderBase,4,/scratch/hpc-prf-dssecs/group4/src/lucene/lucene/codecs/src/java/org/apache/lucene/codecs/blockterms/TermsIndexReaderBase.java
org.apache.lucene.codecs.blockterms.TermsIndexWriterBase,4,/scratch/hpc-prf-dssecs/group4/src/lucene/lucene/codecs/src/java/org/apache/lucene/codecs/blockterms/TermsIndexWriterBase.java
org.apache.lucene.codecs.blockterms.VariableGapTermsIndexReader,4,/scratch/hpc-prf-dssecs/group4/src/lucene/lucene/codecs/src/java/org/apache/lucene/codecs/blockterms/VariableGapTermsIndexReader.java
org.apache.lucene.codecs.blockterms.VariableGapTermsIndexWriter,4,/scratch/hpc-prf-dssecs/group4/src/lucene/lucene/codecs/src/java/org/apache/lucene/codecs/blockterms/VariableGapTermsIndexWriter.java
org.apache.lucene.codecs.blocktreeords.BlockTreeOrdsPostingsFormat,4,/scratch/hpc-prf-dssecs/group4/src/lucene/lucene/codecs/src/java/org/apache/lucene/codecs/blocktreeords/BlockTreeOrdsPostingsFormat.java
org.apache.lucene.codecs.blocktreeords.FSTOrdsOutputs,4,/scratch/hpc-prf-dssecs/group4/src/lucene/lucene/codecs/src/java/org/apache/lucene/codecs/blocktreeords/FSTOrdsOutputs.java
org.apache.lucene.codecs.blocktreeords.OrdsBlockTreeTermsReader,4,/scratch/hpc-prf-dssecs/group4/src/lucene/lucene/codecs/src/java/org/apache/lucene/codecs/blocktreeords/OrdsBlockTreeTermsReader.java
org.apache.lucene.codecs.blocktreeords.OrdsBlockTreeTermsWriter,4,/scratch/hpc-prf-dssecs/group4/src/lucene/lucene/codecs/src/java/org/apache/lucene/codecs/blocktreeords/OrdsBlockTreeTermsWriter.java
org.apache.lucene.codecs.blocktreeords.OrdsFieldReader,4,/scratch/hpc-prf-dssecs/group4/src/lucene/lucene/codecs/src/java/org/apache/lucene/codecs/blocktreeords/OrdsFieldReader.java
org.apache.lucene.codecs.blocktreeords.OrdsIntersectTermsEnum,4,/scratch/hpc-prf-dssecs/group4/src/lucene/lucene/codecs/src/java/org/apache/lucene/codecs/blocktreeords/OrdsIntersectTermsEnum.java
org.apache.lucene.codecs.blocktreeords.OrdsIntersectTermsEnumFrame,4,/scratch/hpc-prf-dssecs/group4/src/lucene/lucene/codecs/src/java/org/apache/lucene/codecs/blocktreeords/OrdsIntersectTermsEnumFrame.java
org.apache.lucene.codecs.blocktreeords.OrdsSegmentTermsEnum,4,/scratch/hpc-prf-dssecs/group4/src/lucene/lucene/codecs/src/java/org/apache/lucene/codecs/blocktreeords/OrdsSegmentTermsEnum.java
org.apache.lucene.codecs.blocktreeords.OrdsSegmentTermsEnumFrame,4,/scratch/hpc-prf-dssecs/group4/src/lucene/lucene/codecs/src/java/org/apache/lucene/codecs/blocktreeords/OrdsSegmentTermsEnumFrame.java
org.apache.lucene.codecs.bloom.BloomFilterFactory,4,/scratch/hpc-prf-dssecs/group4/src/lucene/lucene/codecs/src/java/org/apache/lucene/codecs/bloom/BloomFilterFactory.java
org.apache.lucene.codecs.bloom.BloomFilteringPostingsFormat,4,/scratch/hpc-prf-dssecs/group4/src/lucene/lucene/codecs/src/java/org/apache/lucene/codecs/bloom/BloomFilteringPostingsFormat.java
org.apache.lucene.codecs.bloom.DefaultBloomFilterFactory,4,/scratch/hpc-prf-dssecs/group4/src/lucene/lucene/codecs/src/java/org/apache/lucene/codecs/bloom/DefaultBloomFilterFactory.java
org.apache.lucene.codecs.bloom.FuzzySet,4,/scratch/hpc-prf-dssecs/group4/src/lucene/lucene/codecs/src/java/org/apache/lucene/codecs/bloom/FuzzySet.java
org.apache.lucene.codecs.bloom.HashFunction,4,/scratch/hpc-prf-dssecs/group4/src/lucene/lucene/codecs/src/java/org/apache/lucene/codecs/bloom/HashFunction.java
org.apache.lucene.codecs.memory.DirectPostingsFormat,4,/scratch/hpc-prf-dssecs/group4/src/lucene/lucene/codecs/src/java/org/apache/lucene/codecs/memory/DirectPostingsFormat.java
org.apache.lucene.codecs.memory.FSTPostingsFormat,4,/scratch/hpc-prf-dssecs/group4/src/lucene/lucene/codecs/src/java/org/apache/lucene/codecs/memory/FSTPostingsFormat.java
org.apache.lucene.codecs.memory.FSTTermOutputs,4,/scratch/hpc-prf-dssecs/group4/src/lucene/lucene/codecs/src/java/org/apache/lucene/codecs/memory/FSTTermOutputs.java
org.apache.lucene.codecs.memory.FSTTermsReader,4,/scratch/hpc-prf-dssecs/group4/src/lucene/lucene/codecs/src/java/org/apache/lucene/codecs/memory/FSTTermsReader.java
org.apache.lucene.codecs.memory.FSTTermsWriter,4,/scratch/hpc-prf-dssecs/group4/src/lucene/lucene/codecs/src/java/org/apache/lucene/codecs/memory/FSTTermsWriter.java
org.apache.lucene.codecs.simpletext.SimpleTextBKDReader,4,/scratch/hpc-prf-dssecs/group4/src/lucene/lucene/codecs/src/java/org/apache/lucene/codecs/simpletext/SimpleTextBKDReader.java
org.apache.lucene.codecs.simpletext.SimpleTextBKDWriter,4,/scratch/hpc-prf-dssecs/group4/src/lucene/lucene/codecs/src/java/org/apache/lucene/codecs/simpletext/SimpleTextBKDWriter.java
org.apache.lucene.codecs.simpletext.SimpleTextCompoundFormat,4,/scratch/hpc-prf-dssecs/group4/src/lucene/lucene/codecs/src/java/org/apache/lucene/codecs/simpletext/SimpleTextCompoundFormat.java
org.apache.lucene.codecs.simpletext.SimpleTextDocValuesFormat,4,/scratch/hpc-prf-dssecs/group4/src/lucene/lucene/codecs/src/java/org/apache/lucene/codecs/simpletext/SimpleTextDocValuesFormat.java
org.apache.lucene.codecs.simpletext.SimpleTextDocValuesReader,4,/scratch/hpc-prf-dssecs/group4/src/lucene/lucene/codecs/src/java/org/apache/lucene/codecs/simpletext/SimpleTextDocValuesReader.java
org.apache.lucene.codecs.simpletext.SimpleTextDocValuesWriter,4,/scratch/hpc-prf-dssecs/group4/src/lucene/lucene/codecs/src/java/org/apache/lucene/codecs/simpletext/SimpleTextDocValuesWriter.java
org.apache.lucene.codecs.simpletext.SimpleTextFieldInfosFormat,4,/scratch/hpc-prf-dssecs/group4/src/lucene/lucene/codecs/src/java/org/apache/lucene/codecs/simpletext/SimpleTextFieldInfosFormat.java
org.apache.lucene.codecs.simpletext.SimpleTextFieldsReader,4,/scratch/hpc-prf-dssecs/group4/src/lucene/lucene/codecs/src/java/org/apache/lucene/codecs/simpletext/SimpleTextFieldsReader.java
org.apache.lucene.codecs.simpletext.SimpleTextFieldsWriter,4,/scratch/hpc-prf-dssecs/group4/src/lucene/lucene/codecs/src/java/org/apache/lucene/codecs/simpletext/SimpleTextFieldsWriter.java
org.apache.lucene.codecs.simpletext.SimpleTextLiveDocsFormat,4,/scratch/hpc-prf-dssecs/group4/src/lucene/lucene/codecs/src/java/org/apache/lucene/codecs/simpletext/SimpleTextLiveDocsFormat.java
org.apache.lucene.codecs.simpletext.SimpleTextNormsFormat,4,/scratch/hpc-prf-dssecs/group4/src/lucene/lucene/codecs/src/java/org/apache/lucene/codecs/simpletext/SimpleTextNormsFormat.java
org.apache.lucene.codecs.simpletext.SimpleTextPointsFormat,4,/scratch/hpc-prf-dssecs/group4/src/lucene/lucene/codecs/src/java/org/apache/lucene/codecs/simpletext/SimpleTextPointsFormat.java
org.apache.lucene.codecs.simpletext.SimpleTextPointsReader,4,/scratch/hpc-prf-dssecs/group4/src/lucene/lucene/codecs/src/java/org/apache/lucene/codecs/simpletext/SimpleTextPointsReader.java
org.apache.lucene.codecs.simpletext.SimpleTextPointsWriter,4,/scratch/hpc-prf-dssecs/group4/src/lucene/lucene/codecs/src/java/org/apache/lucene/codecs/simpletext/SimpleTextPointsWriter.java
org.apache.lucene.codecs.simpletext.SimpleTextPostingsFormat,4,/scratch/hpc-prf-dssecs/group4/src/lucene/lucene/codecs/src/java/org/apache/lucene/codecs/simpletext/SimpleTextPostingsFormat.java
org.apache.lucene.codecs.simpletext.SimpleTextSegmentInfoFormat,4,/scratch/hpc-prf-dssecs/group4/src/lucene/lucene/codecs/src/java/org/apache/lucene/codecs/simpletext/SimpleTextSegmentInfoFormat.java
org.apache.lucene.codecs.simpletext.SimpleTextSkipReader,4,/scratch/hpc-prf-dssecs/group4/src/lucene/lucene/codecs/src/java/org/apache/lucene/codecs/simpletext/SimpleTextSkipReader.java
org.apache.lucene.codecs.simpletext.SimpleTextSkipWriter,4,/scratch/hpc-prf-dssecs/group4/src/lucene/lucene/codecs/src/java/org/apache/lucene/codecs/simpletext/SimpleTextSkipWriter.java
org.apache.lucene.codecs.simpletext.SimpleTextStoredFieldsFormat,4,/scratch/hpc-prf-dssecs/group4/src/lucene/lucene/codecs/src/java/org/apache/lucene/codecs/simpletext/SimpleTextStoredFieldsFormat.java
org.apache.lucene.codecs.simpletext.SimpleTextStoredFieldsReader,4,/scratch/hpc-prf-dssecs/group4/src/lucene/lucene/codecs/src/java/org/apache/lucene/codecs/simpletext/SimpleTextStoredFieldsReader.java
org.apache.lucene.codecs.simpletext.SimpleTextStoredFieldsWriter,4,/scratch/hpc-prf-dssecs/group4/src/lucene/lucene/codecs/src/java/org/apache/lucene/codecs/simpletext/SimpleTextStoredFieldsWriter.java
org.apache.lucene.codecs.simpletext.SimpleTextTermVectorsFormat,4,/scratch/hpc-prf-dssecs/group4/src/lucene/lucene/codecs/src/java/org/apache/lucene/codecs/simpletext/SimpleTextTermVectorsFormat.java
org.apache.lucene.codecs.simpletext.SimpleTextTermVectorsReader,4,/scratch/hpc-prf-dssecs/group4/src/lucene/lucene/codecs/src/java/org/apache/lucene/codecs/simpletext/SimpleTextTermVectorsReader.java
org.apache.lucene.codecs.simpletext.SimpleTextTermVectorsWriter,4,/scratch/hpc-prf-dssecs/group4/src/lucene/lucene/codecs/src/java/org/apache/lucene/codecs/simpletext/SimpleTextTermVectorsWriter.java
org.apache.lucene.codecs.simpletext.SimpleTextUtil,4,/scratch/hpc-prf-dssecs/group4/src/lucene/lucene/codecs/src/java/org/apache/lucene/codecs/simpletext/SimpleTextUtil.java
org.apache.lucene.codecs.uniformsplit.BlockLine,5,/scratch/hpc-prf-dssecs/group4/src/lucene/lucene/codecs/src/java/org/apache/lucene/codecs/uniformsplit/BlockLine.java
org.apache.lucene.codecs.uniformsplit.DeltaBaseTermStateSerializer,5,/scratch/hpc-prf-dssecs/group4/src/lucene/lucene/codecs/src/java/org/apache/lucene/codecs/uniformsplit/DeltaBaseTermStateSerializer.java
org.apache.lucene.codecs.uniformsplit.sharedterms.STBlockLine,5,/scratch/hpc-prf-dssecs/group4/src/lucene/lucene/codecs/src/java/org/apache/lucene/codecs/uniformsplit/sharedterms/STBlockLine.java
org.apache.lucene.codecs.blockterms.package-info,6,/scratch/hpc-prf-dssecs/group4/src/lucene/lucene/codecs/src/java/org/apache/lucene/codecs/blockterms/package-info.java
org.apache.lucene.codecs.blocktreeords.package-info,6,/scratch/hpc-prf-dssecs/group4/src/lucene/lucene/codecs/src/java/org/apache/lucene/codecs/blocktreeords/package-info.java
org.apache.lucene.codecs.bloom.package-info,6,/scratch/hpc-prf-dssecs/group4/src/lucene/lucene/codecs/src/java/org/apache/lucene/codecs/bloom/package-info.java
org.apache.lucene.codecs.memory.package-info,6,/scratch/hpc-prf-dssecs/group4/src/lucene/lucene/codecs/src/java/org/apache/lucene/codecs/memory/package-info.java
org.apache.lucene.codecs.simpletext.package-info,6,/scratch/hpc-prf-dssecs/group4/src/lucene/lucene/codecs/src/java/org/apache/lucene/codecs/simpletext/package-info.java
org.apache.lucene.codecs.uniformsplit.FSTDictionary,6,/scratch/hpc-prf-dssecs/group4/src/lucene/lucene/codecs/src/java/org/apache/lucene/codecs/uniformsplit/FSTDictionary.java
org.apache.lucene.codecs.uniformsplit.sharedterms.FieldMetadataTermState,7,/scratch/hpc-prf-dssecs/group4/src/lucene/lucene/codecs/src/java/org/apache/lucene/codecs/uniformsplit/sharedterms/FieldMetadataTermState.java
org.apache.lucene.codecs.uniformsplit.sharedterms.STUniformSplitTermsWriter,7,/scratch/hpc-prf-dssecs/group4/src/lucene/lucene/codecs/src/java/org/apache/lucene/codecs/uniformsplit/sharedterms/STUniformSplitTermsWriter.java
org.apache.lucene.codecs.uniformsplit.sharedterms.UnionFieldMetadataBuilder,7,/scratch/hpc-prf-dssecs/group4/src/lucene/lucene/codecs/src/java/org/apache/lucene/codecs/uniformsplit/sharedterms/UnionFieldMetadataBuilder.java
org.apache.lucene.codecs.uniformsplit.BlockHeader,8,/scratch/hpc-prf-dssecs/group4/src/lucene/lucene/codecs/src/java/org/apache/lucene/codecs/uniformsplit/BlockHeader.java
org.apache.lucene.codecs.uniformsplit.UniformSplitTermsWriter,8,/scratch/hpc-prf-dssecs/group4/src/lucene/lucene/codecs/src/java/org/apache/lucene/codecs/uniformsplit/UniformSplitTermsWriter.java
org.apache.lucene.codecs.bloom.MurmurHash64,9,/scratch/hpc-prf-dssecs/group4/src/lucene/lucene/codecs/src/java/org/apache/lucene/codecs/bloom/MurmurHash64.java
